{
  "routes": [
    {
      "route": "/api/*",
      "allowedRoles": ["anonymous"]
    }
  ],
  "navigationFallback": {
    "rewrite": "/index.html",
    "exclude": ["/images/*.{png,jpg,gif,ico}", "/css/*", "/js/*"]
  },
  "responseOverrides": {
    "404": {
      "rewrite": "/index.html",
      "statusCode": 200
    }
  },
  "globalHeaders": {
    "content-security-policy": "default-src https: 'unsafe-eval' 'unsafe-inline'; object-src 'none'"
  },
  "mimeTypes": {
    ".json": "application/json"
  }
}

